MachineUID,MachineParentMachineUID,MachineSerialNumber,MachineWarrantyNumber,MachineInvNo,MachineHardwareUID,MachineCPUHT,MachinePurchaseDate,MachineWarrantyEndDate,MachineKVMNumber,MachineKVMPosition,MachineRackNumber,MachineRackPosition,MachineRackHPosition,MachineSoftwareOS,MachineNote,MachineObsolete
N'001d7bd7-3d7e-4f8c-af50-e17276991f41',N'00000000-0000-0000-0000-000000000000',N'J00YMF6C2J',N'KE1421981007',NULL,N'7e70e2b2-cb27-4fa1-8ade-98d9223b2473',NULL,'2004-05-03',NULL,6,2,'L04',14,1,'SL4.8',NULL,1
N'00c8abcb-0afd-4331-941b-0f75ca3fe1ee',N'00000000-0000-0000-0000-000000000000',N'0635268',NULL,NULL,N'd9bce8e1-f070-4691-ac51-9b53bb8b0595',NULL,NULL,NULL,NULL,NULL,N'L10',13,2,N'SL5.2',NULL,NULL
N'00df65d7-8d4e-4f9c-92d5-da0942945095',N'00000000-0000-0000-0000-000000000000',N'CZJ849A14T',NULL,NULL,N'52534e5f-bb65-4a34-ae5a-efb9bc43a76e',NULL,NULL,NULL,NULL,NULL,N'R07',35,1,N'SL5.2',NULL,NULL
N'029abadc-7523-496b-9933-6c6b292962c9',N'00000000-0000-0000-0000-000000000000',N'0635237',NULL,NULL,N'd9bce8e1-f070-4691-ac51-9b53bb8b0595',NULL,NULL,NULL,NULL,NULL,N'L10',24,1,N'SL5.2',NULL,NULL
N'036fd183-fd65-46bb-8df3-42699959b61d',N'00000000-0000-0000-0000-000000000000',N'0635275',NULL,NULL,N'd9bce8e1-f070-4691-ac51-9b53bb8b0595',NULL,NULL,NULL,NULL,NULL,N'L10',17,2,N'SL5.2',NULL,NULL
N'04d2eea9-2ba5-46cf-a017-8f9147345809',N'00000000-0000-0000-0000-000000000000',NULL,NULL,NULL,N'0ecfce19-ddea-4f5c-91b3-11cceb91f43d',NULL,NULL,NULL,NULL,NULL,N'R08',30,1,N'SL4.5',NULL,NULL
N'05877c52-80e4-45db-80fa-3bce4db44e20',N'00000000-0000-0000-0000-000000000000',N'XG052301874',NULL,N'111575-0',N'082bcf5d-d9dc-4acc-9c74-ab01f3587d84',NULL,NULL,NULL,NULL,NULL,N'R04',24,1,N'linux',NULL,NULL
N'05ca03c8-95cb-43e7-8f8b-c96929e7d005',N'00000000-0000-0000-0000-000000000000',N'X0008655',NULL,N'ujf',N'ca080e9f-b752-4a37-b62d-bc24a5855ed9',NULL,NULL,NULL,NULL,NULL,N'L05',29,1,N'SL5',N'S615TGT18A05853',NULL
N'0752f29b-b814-41ce-a32f-2fce8009a8ab',N'00000000-0000-0000-0000-000000000000',N'X0008271',NULL,N'ujf',N'ca080e9f-b752-4a37-b62d-bc24a5855ed9',NULL,NULL,NULL,NULL,NULL,N'L05',13,1,N'SL5',N'S615TGT18A05850',NULL
N'09accd81-f4a6-4728-b18d-dc497014b678',N'00000000-0000-0000-0000-000000000000',N'0635200',NULL,NULL,N'd9bce8e1-f070-4691-ac51-9b53bb8b0595',NULL,NULL,NULL,NULL,NULL,N'L10',22,1,N'SL5.2',NULL,NULL
N'0a07eafc-f92e-4e9f-9ea9-4bad75d10e6b',N'00000000-0000-0000-0000-000000000000',N'CZJ84804J9',NULL,NULL,N'cd4922a4-2bf8-4e70-94b8-18c268c34cef',NULL,NULL,NULL,NULL,NULL,N'R05',15,7,N'SL5.2',NULL,NULL
N'0a745ba9-3a3b-4bdb-acde-f717c403fa8f',N'00000000-0000-0000-0000-000000000000',N'XG052184348',NULL,N'111574-0',N'082bcf5d-d9dc-4acc-9c74-ab01f3587d84',NULL,NULL,NULL,NULL,NULL,N'R04',23,1,N'linux',NULL,NULL
N'0bb5970a-8e47-4ee2-a4da-5564b3a2d777',N'00000000-0000-0000-0000-000000000000',N'X0008658',NULL,N'ujf',N'ca080e9f-b752-4a37-b62d-bc24a5855ed9',NULL,NULL,NULL,NULL,NULL,N'L05',26,2,N'SL5',N'S615TGT18B08344',NULL
N'0bfc7a1c-5eaf-492d-a03c-07118d033ebd',N'00000000-0000-0000-0000-000000000000',N'0635223',NULL,NULL,N'd9bce8e1-f070-4691-ac51-9b53bb8b0595',NULL,NULL,NULL,NULL,NULL,N'L10',31,1,N'SL5.2',NULL,NULL
N'0c95a4a0-87f4-40a5-9b66-10d857a58442',N'00000000-0000-0000-0000-000000000000',N'0635203',NULL,NULL,N'd9bce8e1-f070-4691-ac51-9b53bb8b0595',NULL,NULL,NULL,NULL,NULL,N'L10',21,1,N'SL5.2',NULL,NULL
N'0ddd9046-d60e-423e-b790-afe37270bc07',N'00000000-0000-0000-0000-000000000000',NULL,NULL,N'111337',N'ae22e095-950e-4250-b8e2-af6f7a1f56b1',NULL,NULL,NULL,NULL,NULL,N'L07',12,1,NULL,NULL,1
N'10bbc2ad-7eb9-44e6-aec7-7110883fe25d',N'00000000-0000-0000-0000-000000000000',N'0635205',NULL,NULL,N'd9bce8e1-f070-4691-ac51-9b53bb8b0595',NULL,NULL,NULL,NULL,NULL,N'L10',25,2,N'SL5.2',NULL,NULL
N'138cd468-376f-4d84-a7a4-532fa5f1dab3',N'00000000-0000-0000-0000-000000000000',N'X0008263',NULL,N'ujf',N'ca080e9f-b752-4a37-b62d-bc24a5855ed9',NULL,NULL,NULL,NULL,NULL,N'L05',21,1,N'SL5',N'S615TGT18A05857',NULL
N'13c5e1a2-9ead-482e-b442-9251220eac51',N'00000000-0000-0000-0000-000000000000',N'FR22114099',NULL,NULL,N'08a44000-d55c-4be3-b38f-d8ef9d4d9691',NULL,NULL,NULL,NULL,NULL,N'R05',46,1,N'ubuntu',NULL,NULL
N'146e0328-0c35-4988-8398-cb2f506bf2e8',N'00000000-0000-0000-0000-000000000000',N'0635250',NULL,NULL,N'd9bce8e1-f070-4691-ac51-9b53bb8b0595',NULL,NULL,NULL,NULL,NULL,N'L10',6,1,N'SL5.2',NULL,NULL
N'152f2435-9541-422f-84d6-b2440768be1c',N'00000000-0000-0000-0000-000000000000',N'X0008269',NULL,N'ujf',N'ca080e9f-b752-4a37-b62d-bc24a5855ed9',NULL,NULL,NULL,NULL,NULL,N'L05',15,1,N'SL5',N'S615TGT18A05856',NULL
N'179020cc-b463-4c1d-956a-00b882475b58',N'00000000-0000-0000-0000-000000000000',N'0635179',NULL,NULL,N'd9bce8e1-f070-4691-ac51-9b53bb8b0595',NULL,NULL,NULL,NULL,NULL,N'L10',30,1,N'SL5.2',NULL,NULL
N'199ae3c0-aad3-4afa-a8f6-6f0910bbfba2',N'00000000-0000-0000-0000-000000000000',N'RS01 PP3',NULL,N'RS01 PP3',N'3dc9023d-346b-4569-b6ae-d1ec28c7a093',NULL,NULL,NULL,NULL,NULL,N'R01',14,NULL,NULL,N'RS01 PP3',NULL
N'19dd2010-803a-408f-aed8-efaddd15542d',N'00000000-0000-0000-0000-000000000000',N'0635271',NULL,NULL,N'd9bce8e1-f070-4691-ac51-9b53bb8b0595',NULL,NULL,NULL,NULL,NULL,N'L10',10,2,N'SL5.2',NULL,NULL
N'1a567cd9-f004-4914-8895-db220d0dabad',N'00000000-0000-0000-0000-000000000000',N'0635286',NULL,NULL,N'd9bce8e1-f070-4691-ac51-9b53bb8b0595',NULL,NULL,NULL,NULL,NULL,N'L10',13,1,N'SL5.2',NULL,NULL
N'1b85fa14-bd43-49aa-bca6-d5200405d7da',N'00000000-0000-0000-0000-000000000000',N'0',NULL,NULL,N'56d689e8-d742-4441-95cf-352357ae8514',NULL,NULL,NULL,NULL,NULL,N'L02',39,1,NULL,NULL,NULL
N'1cc60e14-1303-41a4-bc71-e96b98c46a60',N'00000000-0000-0000-0000-000000000000',N'0827AN1163',NULL,N'220511-0',N'23400aff-b7fc-4cb1-ba5c-b944aa66ccba',NULL,NULL,NULL,NULL,NULL,N'R04',35,1,N'linux',NULL,NULL
N'1cd8d811-6644-4ff9-a924-278dbbb1d0b8',N'00000000-0000-0000-0000-000000000000',N'RS01 PP9',NULL,N'RS01 PP9',N'3dc9023d-346b-4569-b6ae-d1ec28c7a093',NULL,NULL,NULL,NULL,NULL,N'R01',20,NULL,NULL,N'RS01 PP9',NULL
N'1d37790f-4dcd-43c3-8e50-ab11ab02fd30',N'00000000-0000-0000-0000-000000000000',N'X0008267',NULL,N'ujf',N'ca080e9f-b752-4a37-b62d-bc24a5855ed9',NULL,NULL,NULL,NULL,NULL,N'L05',17,1,N'SL5',N'S615TGT18A05855',NULL
N'1d80c48a-4730-4238-9f6e-dbca131eeb14',N'00000000-0000-0000-0000-000000000000',N'0635283',NULL,NULL,N'd9bce8e1-f070-4691-ac51-9b53bb8b0595',NULL,NULL,NULL,NULL,NULL,N'L10',25,1,N'SL5.2',NULL,NULL
N'1e7821c2-f73f-40a4-a1c3-0fe44af0bba3',N'00000000-0000-0000-0000-000000000000',N'0',NULL,NULL,N'403459bb-76ae-4728-b046-ec75708789a5',NULL,NULL,NULL,NULL,NULL,N'L03',29,1,NULL,N'storage4',NULL
N'1ee7d9ed-8b94-41e2-aac8-f37156d726e2',N'00000000-0000-0000-0000-000000000000',N'X0008656',NULL,N'ujf',N'ca080e9f-b752-4a37-b62d-bc24a5855ed9',NULL,NULL,NULL,NULL,NULL,N'L05',28,1,N'SL5',N'S615TGT18A05843',NULL
N'1f39f670-c432-4de2-9538-b52738c54ab6',N'00000000-0000-0000-0000-000000000000',N'X0008268',NULL,N'ujf',N'ca080e9f-b752-4a37-b62d-bc24a5855ed9',NULL,NULL,NULL,NULL,NULL,N'L05',16,1,N'SL5',N'S615TGT18A05854',NULL
N'1f885238-48fa-4491-bed7-da53bba24c85',N'00000000-0000-0000-0000-000000000000',N'0635262',NULL,NULL,N'd9bce8e1-f070-4691-ac51-9b53bb8b0595',NULL,NULL,NULL,NULL,NULL,N'L10',36,1,N'SL5.2',NULL,NULL
N'1fc24b5e-31dd-44cd-b4d3-8e035d484839',N'00000000-0000-0000-0000-000000000000',NULL,NULL,NULL,N'0955b8af-db13-43d5-a385-5136f966d79c',NULL,NULL,NULL,NULL,NULL,N'L03',16,1,NULL,NULL,NULL
N'20607aaa-bb54-466f-95bf-aa3a4e1df9e6',N'00000000-0000-0000-0000-000000000000',N'RS01 PPA',NULL,N'RS01 PPA',N'3dc9023d-346b-4569-b6ae-d1ec28c7a093',NULL,NULL,NULL,NULL,NULL,N'R01',21,NULL,NULL,N'RS01 PPA',NULL
N'21ecb51d-d8ff-4872-b8b2-77c6f055788c',N'00000000-0000-0000-0000-000000000000',N'0',NULL,NULL,N'6e379205-32eb-448a-b2a4-05eb028ecd96',NULL,NULL,NULL,NULL,NULL,N'L01',45,1,NULL,NULL,NULL
N'2226bafe-3451-4326-8cce-b37373182d81',N'00000000-0000-0000-0000-000000000000',N'X0008270',NULL,N'ujf',N'ca080e9f-b752-4a37-b62d-bc24a5855ed9',NULL,NULL,NULL,NULL,NULL,N'L05',14,1,N'SL5',N'S615TGT18A05847',NULL
N'272c5d9b-9963-4b50-bec5-98f36044556a',N'00000000-0000-0000-0000-000000000000',N'0635199',NULL,NULL,N'd9bce8e1-f070-4691-ac51-9b53bb8b0595',NULL,NULL,NULL,NULL,NULL,N'L10',11,2,N'SL5.2',NULL,NULL
N'2800412a-07e9-436e-b2f5-8fc4a1ad9c65',N'00000000-0000-0000-0000-000000000000',N'X0008273',NULL,N'ujf',N'ca080e9f-b752-4a37-b62d-bc24a5855ed9',NULL,NULL,NULL,NULL,NULL,N'L05',11,2,N'SL5',N'S615TGT18A09654',NULL
N'2fb0fa6d-d595-4697-b365-105cfff772b6',N'00000000-0000-0000-0000-000000000000',N'X0008272',NULL,N'ujf',N'ca080e9f-b752-4a37-b62d-bc24a5855ed9',NULL,NULL,NULL,NULL,NULL,N'L05',12,1,N'SL5',N'S615TGT18A05862',NULL
N'3016a8c0-245c-4bf9-8e2d-3a840b0a1cff',N'00000000-0000-0000-0000-000000000000',N'0',NULL,NULL,N'403459bb-76ae-4728-b046-ec75708789a5',NULL,NULL,NULL,NULL,NULL,N'L03',35,1,NULL,N'storage4',NULL
N'3094a488-7c0b-4953-8aed-97bcd565f103',N'00000000-0000-0000-0000-000000000000',N'X0008270',NULL,N'ujf',N'ca080e9f-b752-4a37-b62d-bc24a5855ed9',NULL,NULL,NULL,NULL,NULL,N'L05',14,2,N'SL5',N'S615TGT18A05847',NULL
N'30e99ed5-9753-404b-a031-1225b5033c65',N'00000000-0000-0000-0000-000000000000',N'107023R',NULL,NULL,N'71ed5f91-fd8d-48aa-a3f0-b0d2b8528adf',NULL,NULL,NULL,NULL,NULL,N'R08',19,1,NULL,NULL,NULL
N'31640b5e-223a-4b07-92cc-d3947078ff8d',N'00000000-0000-0000-0000-000000000000',N'0635245',NULL,NULL,N'd9bce8e1-f070-4691-ac51-9b53bb8b0595',NULL,NULL,NULL,NULL,NULL,N'L10',14,1,N'SL5.2',NULL,NULL
N'31d547d5-c42a-4172-9a03-e29af97f70d8',N'00000000-0000-0000-0000-000000000000',N'0635270',NULL,NULL,N'd9bce8e1-f070-4691-ac51-9b53bb8b0595',NULL,NULL,NULL,NULL,NULL,N'L10',35,1,N'SL5.2',NULL,NULL
N'31e8766e-cce2-4ccc-8068-f2e72bce163b',N'00000000-0000-0000-0000-000000000000',N'R60007600024',NULL,NULL,N'31320177-e0f2-4e50-85ff-c241fd7e54ab',NULL,NULL,NULL,NULL,NULL,N'R08',29,1,NULL,NULL,NULL
N'3316fa24-61a8-4c78-8f32-579d5bdebab0',N'00000000-0000-0000-0000-000000000000',N'X0008263',NULL,N'ujf',N'ca080e9f-b752-4a37-b62d-bc24a5855ed9',NULL,NULL,NULL,NULL,NULL,N'L05',21,2,N'SL5',N'S615TGT18A05857',NULL
N'3432aad0-9ffa-445a-9fdb-ca32983fd489',N'00000000-0000-0000-0000-000000000000',N'0635225',NULL,NULL,N'd9bce8e1-f070-4691-ac51-9b53bb8b0595',NULL,NULL,NULL,NULL,NULL,N'L10',41,2,N'SL5.2',NULL,NULL
N'3671d49a-0c17-40c9-aff6-8e6463b3477a',N'00000000-0000-0000-0000-000000000000',N'0',NULL,NULL,N'a5523b59-16ca-45c8-8ce7-c8bb3ae1c977',NULL,NULL,NULL,NULL,NULL,N'L01',34,1,NULL,NULL,NULL
N'37789b9b-625d-4d58-b85e-98371751ec41',N'00000000-0000-0000-0000-000000000000',N'S01/41',NULL,NULL,N'3dc9023d-346b-4569-b6ae-d1ec28c7a093',NULL,NULL,NULL,NULL,NULL,N'R01',3,NULL,NULL,N'S01/41',NULL
N'37ab5ece-3ebc-477a-a252-39cbea32cf57',N'00000000-0000-0000-0000-000000000000',N'0635173',NULL,NULL,N'd9bce8e1-f070-4691-ac51-9b53bb8b0595',NULL,NULL,NULL,NULL,NULL,N'L10',33,1,N'SL5.2',NULL,NULL
N'37d38662-ba96-4ab1-b8df-90521c7bc84f',N'00000000-0000-0000-0000-000000000000',N'A4BADBE0DD6A-B5GMX4J',NULL,NULL,N'7a16c8e6-3613-4ff0-979e-a9039ca9942b',NULL,NULL,NULL,NULL,NULL,N'R01',4,NULL,N'7.0.3-005',NULL,NULL
N'38b157a2-8aed-43e1-ba51-704edab89ada',N'00000000-0000-0000-0000-000000000000',N'X0008260',NULL,N'ujf',N'ca080e9f-b752-4a37-b62d-bc24a5855ed9',NULL,NULL,NULL,NULL,NULL,N'L05',24,1,N'SL5',N'S615TGT18A05845',NULL
N'393233f3-1d11-4c4b-b99f-a221c0dff93e',N'00000000-0000-0000-0000-000000000000',N'0635285',NULL,NULL,N'd9bce8e1-f070-4691-ac51-9b53bb8b0595',NULL,NULL,NULL,NULL,NULL,N'L10',32,1,N'SL5.2',NULL,NULL
N'3a0251a5-a74d-440b-8ae6-b7d5ce0c28e3',N'00000000-0000-0000-0000-000000000000',N'RS01 PP6',NULL,N'RS01 PP6',N'3dc9023d-346b-4569-b6ae-d1ec28c7a093',NULL,NULL,NULL,NULL,NULL,N'R01',17,NULL,NULL,N'RS01 PP6',NULL
N'3d76e1bd-f8c5-4f18-b04f-ab97d3f22dfb',N'00000000-0000-0000-0000-000000000000',N'0635194',NULL,NULL,N'd9bce8e1-f070-4691-ac51-9b53bb8b0595',NULL,NULL,NULL,NULL,NULL,N'L10',29,2,N'SL5.2',NULL,NULL
N'3f613379-fc2b-4f34-8205-8669e20ba171',N'00000000-0000-0000-0000-000000000000',N'0635217',NULL,NULL,N'd9bce8e1-f070-4691-ac51-9b53bb8b0595',NULL,NULL,NULL,NULL,NULL,N'L10',24,2,N'SL5.2',NULL,NULL
N'3fad3828-8ae1-4299-b2c1-fd88a3557f19',N'00000000-0000-0000-0000-000000000000',N'0635239',NULL,NULL,N'd9bce8e1-f070-4691-ac51-9b53bb8b0595',NULL,NULL,NULL,NULL,NULL,N'L10',37,1,N'SL5.2',NULL,NULL
N'3fc8b604-94ae-4d20-90f3-88921a8ac049',N'00000000-0000-0000-0000-000000000000',N'X0008655',NULL,N'ujf',N'ca080e9f-b752-4a37-b62d-bc24a5855ed9',NULL,NULL,NULL,NULL,NULL,N'L05',29,2,N'SL5',N'S615TGT18A05853',NULL
N'405f13ac-5127-4a0a-89f8-2853a5065337',N'00000000-0000-0000-0000-000000000000',N'XG052290911',NULL,N'111576-0',N'082bcf5d-d9dc-4acc-9c74-ab01f3587d84',NULL,NULL,NULL,NULL,NULL,N'R04',25,1,NULL,NULL,NULL
N'40ec92bd-64b8-407e-8b1b-d014cd3ead24',N'00000000-0000-0000-0000-000000000000',N'0635240',NULL,NULL,N'd9bce8e1-f070-4691-ac51-9b53bb8b0595',NULL,NULL,NULL,NULL,NULL,N'L10',4,1,N'SL5.2',NULL,NULL
N'4324149e-0c68-4ee1-80ba-99806418096f',N'00000000-0000-0000-0000-000000000000',N'0635265',NULL,NULL,N'd9bce8e1-f070-4691-ac51-9b53bb8b0595',NULL,NULL,NULL,NULL,NULL,N'L10',39,1,N'SL5.2',NULL,NULL
N'43e84587-6b48-40d1-999e-661b3854848c',N'00000000-0000-0000-0000-000000000000',N'CZJ84804JC',NULL,N'ujf',N'cd4922a4-2bf8-4e70-94b8-18c268c34cef',NULL,NULL,NULL,NULL,NULL,N'R05',24,7,N'SL5.2',NULL,NULL
N'46a941b9-dd5b-45fc-a15b-77cb696b9e96',N'00000000-0000-0000-0000-000000000000',N'CZJ64004GJ',NULL,NULL,N'd52bff7a-56b1-4ebe-9838-f6a0ad639e5b',NULL,NULL,NULL,NULL,NULL,N'L08',32,1,N'ubuntu',NULL,NULL
N'49c5e44b-5bce-43b0-b112-36c6dad3da4d',N'00000000-0000-0000-0000-000000000000',N'0635218',NULL,NULL,N'd9bce8e1-f070-4691-ac51-9b53bb8b0595',NULL,NULL,NULL,NULL,NULL,N'L10',42,2,N'SL5.2',NULL,NULL
N'4ace3261-a93a-45b5-9ec3-4d28e5d99820',N'00000000-0000-0000-0000-000000000000',N'0635231',NULL,NULL,N'd9bce8e1-f070-4691-ac51-9b53bb8b0595',NULL,NULL,NULL,NULL,NULL,N'L10',3,2,N'SL5.2',NULL,NULL
N'4ee94adf-9c55-41d5-85de-92edb377fdd1',N'00000000-0000-0000-0000-000000000000',N'CZJ84804JT',NULL,N'ujf',N'cd4922a4-2bf8-4e70-94b8-18c268c34cef',NULL,NULL,NULL,NULL,NULL,N'R05',20,5,N'SL5.2',NULL,NULL
N'4f88eb23-0eaf-42f4-b142-f6692b1063b0',N'00000000-0000-0000-0000-000000000000',N'0635171',NULL,NULL,N'd9bce8e1-f070-4691-ac51-9b53bb8b0595',NULL,NULL,NULL,NULL,NULL,N'L10',21,2,N'SL5.2',NULL,NULL
N'4ff51b98-2b36-4cab-bc3e-1f0444070b62',N'00000000-0000-0000-0000-000000000000',N'S01/43',NULL,NULL,N'3dc9023d-346b-4569-b6ae-d1ec28c7a093',NULL,NULL,NULL,NULL,NULL,N'R01',1,NULL,NULL,N'S01/43',NULL
N'52ec0f77-2686-49e2-bb14-0511c5a3d4af',N'00000000-0000-0000-0000-000000000000',N'X0008272',NULL,N'ujf',N'ca080e9f-b752-4a37-b62d-bc24a5855ed9',NULL,NULL,NULL,NULL,NULL,N'L05',12,2,N'SL5',N'S615TGT18A05862',NULL
N'5601a4fc-2b5f-4f5c-bc82-b25eb2386b4d',N'00000000-0000-0000-0000-000000000000',N'X0008262',NULL,N'ujf',N'ca080e9f-b752-4a37-b62d-bc24a5855ed9',NULL,NULL,NULL,NULL,NULL,N'L05',22,2,N'SL5',N'S615TGT18A05861',NULL
N'58d7d363-e39d-49cf-a344-86cb49dfcaa3',N'00000000-0000-0000-0000-000000000000',N'0635209',NULL,NULL,N'd9bce8e1-f070-4691-ac51-9b53bb8b0595',NULL,NULL,NULL,NULL,NULL,N'L10',18,1,N'SL5.2',NULL,NULL
N'595270f5-15d2-4f3f-8074-a3f11e05b0b9',N'00000000-0000-0000-0000-000000000000',N'0',NULL,NULL,N'4e7d8c44-41be-48d3-81cf-f97684680dc0',NULL,NULL,NULL,NULL,NULL,N'R04',38,1,NULL,NULL,NULL
N'59821e28-7d58-400e-8085-23fdcc23bc71',N'00000000-0000-0000-0000-000000000000',N'X0008265',NULL,N'ujf',N'ca080e9f-b752-4a37-b62d-bc24a5855ed9',NULL,NULL,NULL,NULL,NULL,N'L05',19,1,N'SL5',N'S615TGT18A05848',NULL
N'59c14b3a-94af-446b-8137-b8a709e72450',N'00000000-0000-0000-0000-000000000000',N'1',NULL,NULL,N'ae22e095-950e-4250-b8e2-af6f7a1f56b1',NULL,NULL,NULL,NULL,NULL,N'L07',20,1,NULL,NULL,NULL
N'5a81d6ac-ee85-4c1c-b899-818ec70b4e39',N'00000000-0000-0000-0000-000000000000',N'0824AM0462',NULL,N'220512-0',N'23400aff-b7fc-4cb1-ba5c-b944aa66ccba',NULL,NULL,NULL,NULL,NULL,N'R04',31,1,N'linux',NULL,NULL
N'621b22b4-214b-41af-a03a-9a7380790519',N'00000000-0000-0000-0000-000000000000',N'CZJ849A15W',NULL,NULL,N'52534e5f-bb65-4a34-ae5a-efb9bc43a76e',NULL,NULL,NULL,NULL,NULL,N'L01',11,1,N'windows',NULL,NULL
N'6986664f-79a5-4618-88f7-93f77955bb00',N'00000000-0000-0000-0000-000000000000',N'X0008659',NULL,N'ujf',N'ca080e9f-b752-4a37-b62d-bc24a5855ed9',NULL,NULL,NULL,NULL,NULL,N'L05',25,2,N'SL5',N'S615TGT18B08331',NULL
N'6ba63d7b-dff3-421c-8b95-569d68bf1116',N'00000000-0000-0000-0000-000000000000',N'0635235',NULL,NULL,N'd9bce8e1-f070-4691-ac51-9b53bb8b0595',NULL,NULL,NULL,NULL,NULL,N'L10',35,2,N'SL5.2',NULL,NULL
N'6bf41425-62a8-4b41-895e-4971dad15dd6',N'00000000-0000-0000-0000-000000000000',N'0635167',NULL,NULL,N'd9bce8e1-f070-4691-ac51-9b53bb8b0595',NULL,NULL,NULL,NULL,NULL,N'L10',38,1,N'SL5.2',NULL,NULL
N'6d8e0655-af00-4b24-acc2-8fe5bbd560c3',N'00000000-0000-0000-0000-000000000000',N'0635206',NULL,NULL,N'd9bce8e1-f070-4691-ac51-9b53bb8b0595',NULL,NULL,NULL,NULL,NULL,N'L10',14,2,N'SL5.2',NULL,NULL
N'6f6c0660-bbe4-4df2-96ea-3be083244e29',N'00000000-0000-0000-0000-000000000000',N'0635227',NULL,NULL,N'd9bce8e1-f070-4691-ac51-9b53bb8b0595',NULL,NULL,NULL,NULL,NULL,N'L10',34,2,N'SL5.2',NULL,NULL
N'6ff46500-be38-4734-a1bb-2f0513de3790',N'00000000-0000-0000-0000-000000000000',N'0',NULL,NULL,N'403459bb-76ae-4728-b046-ec75708789a5',NULL,NULL,NULL,NULL,NULL,N'L03',32,1,NULL,N'storage4',NULL
N'71380de4-0323-4b2b-afa4-6eaa533e777d',N'00000000-0000-0000-0000-000000000000',N'0635249',NULL,NULL,N'd9bce8e1-f070-4691-ac51-9b53bb8b0595',NULL,NULL,NULL,NULL,NULL,N'L10',26,2,N'SL5.2',NULL,NULL
N'7143cad4-0fc5-4a37-8ce1-dcc36dfb75d7',N'00000000-0000-0000-0000-000000000000',N'X0008265',NULL,N'ujf',N'ca080e9f-b752-4a37-b62d-bc24a5855ed9',NULL,NULL,NULL,NULL,NULL,N'L05',19,2,N'SL5',N'S615TGT18A05848',NULL
N'75432707-9e44-4ca5-ab39-48e5653ddaed',N'00000000-0000-0000-0000-000000000000',N'0635253',NULL,NULL,N'd9bce8e1-f070-4691-ac51-9b53bb8b0595',NULL,NULL,NULL,NULL,NULL,N'L10',3,1,N'SL5.2',NULL,NULL
N'774291da-e37d-4c64-af4f-054a0e72d339',N'00000000-0000-0000-0000-000000000000',N'0635251',NULL,NULL,N'd9bce8e1-f070-4691-ac51-9b53bb8b0595',NULL,NULL,NULL,NULL,NULL,N'L10',6,2,N'SL5.2',NULL,NULL
N'7795153e-342e-4016-a14e-a20a1a6de012',N'00000000-0000-0000-0000-000000000000',N'0635232',NULL,NULL,N'd9bce8e1-f070-4691-ac51-9b53bb8b0595',NULL,NULL,NULL,NULL,NULL,N'L10',19,2,N'SL5.2',NULL,NULL
N'79f4f21b-3434-4b28-b59e-8db58d4d9c12',N'00000000-0000-0000-0000-000000000000',N'0635210',NULL,NULL,N'd9bce8e1-f070-4691-ac51-9b53bb8b0595',NULL,NULL,NULL,NULL,NULL,N'L10',23,2,N'SL5.2',NULL,NULL
N'7a8f3d40-7016-44cf-9aa5-ebbc481b93e4',N'00000000-0000-0000-0000-000000000000',N'0',NULL,NULL,N'6e379205-32eb-448a-b2a4-05eb028ecd96',NULL,NULL,NULL,NULL,NULL,N'L01',41,1,NULL,NULL,NULL
N'7aab9284-4b12-46c8-a138-657b02bed35c',N'00000000-0000-0000-0000-000000000000',N'X0008656',NULL,N'ujf',N'ca080e9f-b752-4a37-b62d-bc24a5855ed9',NULL,NULL,NULL,NULL,NULL,N'L05',28,2,N'SL5',N'S615TGT18A05843',NULL
N'7cc2b7c9-be81-4423-b878-7ed3446d31be',N'00000000-0000-0000-0000-000000000000',N'0635202',NULL,NULL,N'd9bce8e1-f070-4691-ac51-9b53bb8b0595',NULL,NULL,NULL,NULL,NULL,N'L10',32,2,N'SL5.2',NULL,NULL
N'7d419a43-4d02-4a01-8d39-f49f71baf76b',N'00000000-0000-0000-0000-000000000000',N'CZJ743079U',NULL,NULL,N'c721541c-1126-4614-a338-e4ed8c1c6510',NULL,NULL,NULL,NULL,NULL,N'R07',34,1,N'OpenSUSE 10.3',NULL,NULL
N'7dc29445-f8ce-4a77-9f95-61407885cf16',N'00000000-0000-0000-0000-000000000000',N'CZJ84804H5',NULL,NULL,N'cd4922a4-2bf8-4e70-94b8-18c268c34cef',NULL,NULL,NULL,NULL,NULL,N'R05',20,7,N'SL5.2',NULL,NULL
N'7e6414ba-25a2-4589-be52-e85ffa4409e1',N'00000000-0000-0000-0000-000000000000',N'0635238',NULL,NULL,N'd9bce8e1-f070-4691-ac51-9b53bb8b0595',NULL,NULL,NULL,NULL,NULL,N'L10',5,2,N'SL5.2',NULL,NULL
N'7ea53f67-8484-49c1-b497-4a6fc6a26241',N'00000000-0000-0000-0000-000000000000',N'XG062238903',NULL,N'111686-0',N'8ff34ee5-948f-43be-895b-4991f9e0b4ca',NULL,NULL,NULL,NULL,NULL,N'R04',20,1,N'linux',NULL,NULL
N'7eda0522-0e33-41fc-b744-efcba421f9f3',N'00000000-0000-0000-0000-000000000000',N'0635178',NULL,NULL,N'd9bce8e1-f070-4691-ac51-9b53bb8b0595',NULL,NULL,NULL,NULL,NULL,N'L10',8,1,N'SL5.2',NULL,NULL
N'842a65e3-5999-4ac0-a90f-764e96a31bf3',N'00000000-0000-0000-0000-000000000000',N'0635259',NULL,NULL,N'd9bce8e1-f070-4691-ac51-9b53bb8b0595',NULL,NULL,NULL,NULL,NULL,N'L10',2,1,N'SL5.2',NULL,NULL
N'84f1413e-65fc-422c-bf33-2b1832b1261f',N'00000000-0000-0000-0000-000000000000',N'SHU932720002A11',NULL,N'112144-0',N'79c34d7a-8d79-4416-966f-b5f36528e81f',NULL,NULL,NULL,NULL,NULL,N'R08',12,1,NULL,N'expansion box ma SN SHU932720002760',NULL
N'85058cf7-3080-40e1-a9df-ab18dabf5ed2',N'00000000-0000-0000-0000-000000000000',N'10-9751-83',NULL,N'10-9751-83',N'05f8eddc-f4c1-48da-9565-9e8420928c98',NULL,NULL,NULL,NULL,NULL,N'R01',10,NULL,NULL,N'ss-s01-1',NULL
N'85fdde5a-9790-409e-be57-a7449d8e6188',N'00000000-0000-0000-0000-000000000000',N'XG052079924',NULL,N'111573-0',N'082bcf5d-d9dc-4acc-9c74-ab01f3587d84',NULL,NULL,NULL,NULL,NULL,N'R04',22,1,NULL,NULL,NULL
N'86985609-6be9-4d98-9985-9365cfcdf0f5',N'00000000-0000-0000-0000-000000000000',N'TEST',NULL,NULL,N'3d718188-9560-4e47-ba33-315e442c1876',NULL,NULL,NULL,NULL,NULL,N'L50',NULL,1,NULL,NULL,1
N'86f885a3-b8ea-41ca-8e81-a53ab26d4c75',N'00000000-0000-0000-0000-000000000000',N'0635220',NULL,NULL,N'd9bce8e1-f070-4691-ac51-9b53bb8b0595',NULL,NULL,NULL,NULL,NULL,N'L10',7,1,N'SL5.2',NULL,NULL
N'87057084-7261-416d-9b91-ff0894cf59ae',N'00000000-0000-0000-0000-000000000000',N'0635276',NULL,NULL,N'd9bce8e1-f070-4691-ac51-9b53bb8b0595',NULL,NULL,NULL,NULL,NULL,N'L10',34,1,N'SL5.2',NULL,NULL
N'8876492c-96d1-49b3-bd9e-823b9bc54670',N'00000000-0000-0000-0000-000000000000',N'0635264',NULL,NULL,N'd9bce8e1-f070-4691-ac51-9b53bb8b0595',NULL,NULL,NULL,NULL,NULL,N'L10',39,2,N'SL5.2',NULL,NULL
N'899e8665-19fc-4dd6-ba56-f4f1e102d29e',N'00000000-0000-0000-0000-000000000000',N'CZC7310063',NULL,NULL,N'612adcd9-3825-4321-97bc-1ad23d276653',NULL,NULL,NULL,NULL,NULL,N'R07',40,1,N'windows',NULL,NULL
N'8b8fa5e5-b22f-4bf1-832b-69fa9856d8a2',N'00000000-0000-0000-0000-000000000000',N'0635185',NULL,NULL,N'd9bce8e1-f070-4691-ac51-9b53bb8b0595',NULL,NULL,NULL,NULL,NULL,N'L10',40,2,N'SL5.2',NULL,NULL
N'8c5355cc-9d52-45f0-9bef-0cc007def5da',N'00000000-0000-0000-0000-000000000000',NULL,NULL,NULL,N'a7e20e10-5db0-4ea3-b709-3a02eec54b13',NULL,NULL,NULL,NULL,NULL,N'R07',31,1,NULL,NULL,NULL
N'8db37bf3-8992-4843-ba89-70872f32671a',N'00000000-0000-0000-0000-000000000000',N'X0008264',NULL,N'ujf',N'ca080e9f-b752-4a37-b62d-bc24a5855ed9',NULL,NULL,NULL,NULL,NULL,N'L05',20,2,N'SL5',N'S615TGT18A05846',NULL
N'90480a82-eab0-4f2c-828a-6e569eb020a5',N'00000000-0000-0000-0000-000000000000',N'X0008274',NULL,N'ujf',N'ca080e9f-b752-4a37-b62d-bc24a5855ed9',NULL,NULL,NULL,NULL,NULL,N'L05',10,2,N'SL5',N'S615TGT18A09655',NULL
N'91d9bcb4-17e9-49f3-a429-4681bc0331dd',N'00000000-0000-0000-0000-000000000000',N'X0008657',NULL,N'ujf',N'ca080e9f-b752-4a37-b62d-bc24a5855ed9',NULL,NULL,NULL,NULL,NULL,N'L05',27,2,N'SL5',N'S615TGT18B08342',NULL
N'928a4193-38bf-46f7-bfb6-f6ce19fdac4c',N'00000000-0000-0000-0000-000000000000',N'CZJ84804HY',NULL,N'ujf',N'cd4922a4-2bf8-4e70-94b8-18c268c34cef',NULL,NULL,NULL,NULL,NULL,N'R05',24,8,N'SL5.2',NULL,NULL
N'92fb193f-e60d-4b4d-b7b9-4f62a66728e5',N'00000000-0000-0000-0000-000000000000',N'0635255',NULL,NULL,N'd9bce8e1-f070-4691-ac51-9b53bb8b0595',NULL,NULL,NULL,NULL,NULL,N'L10',17,1,N'SL5.2',NULL,NULL
N'934f5517-a61b-4408-bf0a-bd78976405ea',N'00000000-0000-0000-0000-000000000000',N'0635252',NULL,NULL,N'd9bce8e1-f070-4691-ac51-9b53bb8b0595',NULL,NULL,NULL,NULL,NULL,N'L10',23,1,N'SL5.2',NULL,NULL
N'940c1bb2-c1e1-4f2a-929d-7fc3824a38b3',N'00000000-0000-0000-0000-000000000000',N'S01/42',NULL,NULL,N'3dc9023d-346b-4569-b6ae-d1ec28c7a093',NULL,NULL,NULL,NULL,NULL,N'R01',2,NULL,NULL,N'S01/42',NULL
N'94272254-f108-4ba1-92a5-1642f29bf2ae',N'00000000-0000-0000-0000-000000000000',N'CZJ84804JP',NULL,NULL,N'cd4922a4-2bf8-4e70-94b8-18c268c34cef',NULL,NULL,NULL,NULL,NULL,N'R05',11,7,N'SL5.2',NULL,NULL
N'96297497-b6b1-4948-8772-a95bef64a8e7',N'00000000-0000-0000-0000-000000000000',N'X0008266',NULL,N'ujf',N'ca080e9f-b752-4a37-b62d-bc24a5855ed9',NULL,NULL,NULL,NULL,NULL,N'L05',18,1,N'SL5',N'S615TGT18A05860',NULL
N'9650abd7-e9ec-4d10-a68d-69ca80f8cf2b',N'00000000-0000-0000-0000-000000000000',N'0635290',NULL,NULL,N'd9bce8e1-f070-4691-ac51-9b53bb8b0595',NULL,NULL,NULL,NULL,NULL,N'L10',2,2,N'SL5.2',NULL,NULL
N'96d63834-7ca3-49d9-b01b-b4ef0500c569',N'00000000-0000-0000-0000-000000000000',N'X0008266',NULL,N'ujf',N'ca080e9f-b752-4a37-b62d-bc24a5855ed9',NULL,NULL,NULL,NULL,NULL,N'L05',18,2,N'SL5',N'S615TGT18A05860',NULL
N'971be400-a3a8-48dc-88ca-862ce640862f',N'00000000-0000-0000-0000-000000000000',N'X0008267',NULL,N'ujf',N'ca080e9f-b752-4a37-b62d-bc24a5855ed9',NULL,NULL,NULL,NULL,NULL,N'L05',17,2,N'SL5',N'S615TGT18A05855',NULL
N'9727c659-4369-449a-a530-8240f1dccd7b',N'00000000-0000-0000-0000-000000000000',N'GB8544NJDP',NULL,NULL,N'624c178c-1811-447f-8d1e-64d89aab2109',1,NULL,NULL,NULL,NULL,N'L01',19,1,N'SL5',N'samson',NULL
N'972a12a7-7b84-47b1-b7ce-0c452cac85a9',N'00000000-0000-0000-0000-000000000000',N'0635228',NULL,NULL,N'd9bce8e1-f070-4691-ac51-9b53bb8b0595',NULL,NULL,NULL,NULL,NULL,N'L10',22,2,N'SL5.2',NULL,NULL
N'978c9aad-2306-4a29-b364-3581b734644a',N'00000000-0000-0000-0000-000000000000',N'0635246',NULL,NULL,N'd9bce8e1-f070-4691-ac51-9b53bb8b0595',NULL,NULL,NULL,NULL,NULL,N'L10',1,1,N'SL5.2',NULL,NULL
N'9870fb90-bd67-4162-8801-0dc6e3a29fab',N'00000000-0000-0000-0000-000000000000',N'VIRTUAL',NULL,NULL,N'775821b9-8046-4ae8-88f7-25a3de1425ab',NULL,NULL,NULL,NULL,NULL,N'L08',1,1,NULL,NULL,1
N'99624f68-b281-49eb-9036-3f0e245ebcc8',N'00000000-0000-0000-0000-000000000000',N'0635212',NULL,NULL,N'd9bce8e1-f070-4691-ac51-9b53bb8b0595',NULL,NULL,NULL,NULL,NULL,N'L10',33,2,N'SL5.2',NULL,NULL
N'99ba45c6-4521-4ad2-941d-aa444ea5fbfb',N'00000000-0000-0000-0000-000000000000',N'0635282',NULL,NULL,N'd9bce8e1-f070-4691-ac51-9b53bb8b0595',NULL,NULL,NULL,NULL,NULL,N'L10',11,1,N'SL5.2',NULL,NULL
N'9b2bb003-f530-4996-8ad6-f7afc8c047a7',N'00000000-0000-0000-0000-000000000000',N'X0008264',NULL,N'ujf',N'ca080e9f-b752-4a37-b62d-bc24a5855ed9',NULL,NULL,NULL,NULL,NULL,N'L05',20,1,N'SL5',N'S615TGT18A05846',NULL
N'9cb2b062-610f-4371-9c74-6059f2e3db03',N'00000000-0000-0000-0000-000000000000',N'0635289',NULL,NULL,N'd9bce8e1-f070-4691-ac51-9b53bb8b0595',NULL,NULL,NULL,NULL,NULL,N'L10',12,2,N'SL5.2',NULL,NULL
N'9e8b8a31-1ea3-4100-95f2-efe6e007ce86',N'00000000-0000-0000-0000-000000000000',N'RS01 PP5',NULL,N'RS01 PP5',N'3dc9023d-346b-4569-b6ae-d1ec28c7a093',NULL,NULL,NULL,NULL,NULL,N'R01',16,NULL,NULL,N'RS01 PP5',NULL
N'9edabe16-bcd4-40e6-ac62-de6d6b5a264e',N'00000000-0000-0000-0000-000000000000',N'0635266',NULL,NULL,N'd9bce8e1-f070-4691-ac51-9b53bb8b0595',NULL,NULL,NULL,NULL,NULL,N'L10',30,2,N'SL5.2',NULL,NULL
N'a179eb39-c5aa-4547-b71e-8f65e6f35fcc',N'00000000-0000-0000-0000-000000000000',N'X0008274',NULL,N'ujf',N'ca080e9f-b752-4a37-b62d-bc24a5855ed9',NULL,NULL,NULL,NULL,NULL,N'L05',10,1,N'SL5',N'S615TGT18A09655',NULL
N'a198c283-5a4f-4da8-a126-db8fb727245b',N'00000000-0000-0000-0000-000000000000',N'0635247',NULL,NULL,N'd9bce8e1-f070-4691-ac51-9b53bb8b0595',NULL,NULL,NULL,NULL,NULL,N'L10',7,2,N'SL5.2',NULL,NULL
N'a2b7e5d5-151c-4dd3-ae46-48c2e5c66129',N'00000000-0000-0000-0000-000000000000',N'X0008261',NULL,N'ujf',N'ca080e9f-b752-4a37-b62d-bc24a5855ed9',NULL,NULL,NULL,NULL,NULL,N'L05',23,1,N'SL5',N'S615TGT18A05851',NULL
N'a31af9f2-6261-4914-a98c-25d64f9cbddf',N'00000000-0000-0000-0000-000000000000',N'GB864183SL',NULL,NULL,N'624c178c-1811-447f-8d1e-64d89aab2109',NULL,NULL,NULL,NULL,NULL,N'L08',31,1,NULL,NULL,NULL
N'a3634991-e0b0-4037-8acc-4e43a45a8ee6',N'00000000-0000-0000-0000-000000000000',N'214262-0',NULL,N'214262-0',N'05f8eddc-f4c1-48da-9565-9e8420928c98',NULL,NULL,NULL,NULL,NULL,N'R01',11,NULL,NULL,N'ss-s01-2',NULL
N'a3fc5032-6c08-4e90-a384-2d0934fda16f',N'00000000-0000-0000-0000-000000000000',N'90BXMNM12D',NULL,N'218139-0',N'67dd1f9e-cce8-4606-bb1a-10ed0cb2ccfb',NULL,NULL,NULL,NULL,NULL,N'L07',39,1,NULL,NULL,NULL
N'a49be8bb-b0a1-4f0e-82ad-0dc5e6469db0',N'00000000-0000-0000-0000-000000000000',N'0635211',NULL,NULL,N'd9bce8e1-f070-4691-ac51-9b53bb8b0595',NULL,NULL,NULL,NULL,NULL,N'L10',16,2,N'SL5.2',NULL,NULL
N'a5888ff6-71c1-4b69-941b-c35c6a01d7a1',N'00000000-0000-0000-0000-000000000000',N'0635278',NULL,NULL,N'd9bce8e1-f070-4691-ac51-9b53bb8b0595',NULL,NULL,NULL,NULL,NULL,N'L10',20,1,N'SL5.2',NULL,NULL
N'a5f21c51-c206-485f-8ed7-6b45e5a5ccfb',N'00000000-0000-0000-0000-000000000000',N'CZJ84804J2',NULL,NULL,N'cd4922a4-2bf8-4e70-94b8-18c268c34cef',NULL,NULL,NULL,NULL,NULL,N'R05',20,8,N'SL5.2',NULL,NULL
N'a8f4da91-4cb0-4103-bc6a-e36cd0791753',N'00000000-0000-0000-0000-000000000000',N'001676C97C84',NULL,NULL,N'8450377b-817e-4de3-a3b3-f708903682a6',NULL,NULL,NULL,NULL,NULL,N'R03',26,1,N'linux XY',N'sv037',NULL
N'ab2ec5c2-85ef-44c7-a4fa-68b9fd68dbbe',N'00000000-0000-0000-0000-000000000000',N'0',NULL,NULL,N'd74cd650-dcab-4f8b-b81d-f4d12d1a0844',NULL,NULL,NULL,NULL,NULL,N'L03',22,1,NULL,NULL,NULL
N'ac40dc02-665e-4080-9e79-6883ae71f553',N'00000000-0000-0000-0000-000000000000',N'1',NULL,NULL,N'5f79d7d1-fe44-4d4f-9f22-3e924009f767',NULL,NULL,NULL,NULL,NULL,N'L05',30,1,N'SL4.8',NULL,NULL
N'aca4c14c-13bd-4751-a92a-ef0980a9193f',N'00000000-0000-0000-0000-000000000000',N'107029M',NULL,NULL,N'71ed5f91-fd8d-48aa-a3f0-b0d2b8528adf',NULL,NULL,NULL,NULL,NULL,N'R08',18,1,NULL,NULL,NULL
N'adab64e9-c014-446f-8c27-cb1a519994b1',N'00000000-0000-0000-0000-000000000000',N'0',NULL,NULL,N'6e379205-32eb-448a-b2a4-05eb028ecd96',NULL,NULL,NULL,NULL,NULL,N'L01',22,1,NULL,NULL,NULL
N'ae881066-12bb-4d9b-9e5d-fc3db3b64262',N'00000000-0000-0000-0000-000000000000',N'0635263',NULL,NULL,N'd9bce8e1-f070-4691-ac51-9b53bb8b0595',NULL,NULL,NULL,NULL,NULL,N'L10',41,1,N'SL5.2',NULL,NULL
N'b002cbb6-6017-4559-863c-9b88f33e6d44',N'00000000-0000-0000-0000-000000000000',N'X0008658',NULL,N'ujf',N'ca080e9f-b752-4a37-b62d-bc24a5855ed9',NULL,NULL,NULL,NULL,NULL,N'L05',26,1,N'SL5',N'S615TGT18B08344',NULL
N'b1fb43b4-7e5a-4978-9efa-187f6a5dea74',N'00000000-0000-0000-0000-000000000000',N'CZJ84804GT',NULL,N'ujf',N'cd4922a4-2bf8-4e70-94b8-18c268c34cef',NULL,NULL,NULL,NULL,NULL,N'R05',24,6,N'SL5.2',NULL,NULL
N'b2d0cf29-858c-440d-b245-b6aac02197de',N'00000000-0000-0000-0000-000000000000',N'RS01 PP7',NULL,N'RS01 PP7',N'3dc9023d-346b-4569-b6ae-d1ec28c7a093',NULL,NULL,NULL,NULL,NULL,N'R01',18,NULL,NULL,N'RS01 PP7',NULL
N'b2ec9d55-ff27-436e-9737-409ef94e77c4',N'00000000-0000-0000-0000-000000000000',N'X0008271',NULL,N'ujf',N'ca080e9f-b752-4a37-b62d-bc24a5855ed9',NULL,NULL,NULL,NULL,NULL,N'L05',13,2,N'SL5',N'S615TGT18A05850',NULL
N'b3413b56-50e9-41ee-9b40-4aaa769e842c',N'00000000-0000-0000-0000-000000000000',N'0',NULL,N'216122-0',N'c25f7822-58fc-4b7a-9ba9-b82180608835',NULL,NULL,NULL,NULL,NULL,N'R04',40,1,N'no',N'UPS',NULL
N'b3f93875-8d7b-49a4-bd3d-3f648334af73',N'00000000-0000-0000-0000-000000000000',N'0635198',NULL,NULL,N'd9bce8e1-f070-4691-ac51-9b53bb8b0595',NULL,NULL,NULL,NULL,NULL,N'L10',28,2,N'SL5.2',NULL,NULL
N'b4ab3414-cad2-4638-a05d-bfd02732efab',N'00000000-0000-0000-0000-000000000000',N'0635183',NULL,NULL,N'd9bce8e1-f070-4691-ac51-9b53bb8b0595',NULL,NULL,NULL,NULL,NULL,N'L10',4,2,N'SL5.2',NULL,NULL
N'b5720442-9d36-4649-9185-f513c01e19d5',N'00000000-0000-0000-0000-000000000000',N'0635176',NULL,NULL,N'd9bce8e1-f070-4691-ac51-9b53bb8b0595',NULL,NULL,NULL,NULL,NULL,N'L10',26,1,N'SL5.2',NULL,NULL
N'b8179270-cb3c-4780-9667-c9723d3395a8',N'00000000-0000-0000-0000-000000000000',N'X0008269',NULL,N'ujf',N'ca080e9f-b752-4a37-b62d-bc24a5855ed9',NULL,NULL,NULL,NULL,NULL,N'L05',15,2,N'SL5',N'S615TGT18A05856',NULL
N'b8cf14f6-f04f-4b4c-890d-a286756d163c',N'00000000-0000-0000-0000-000000000000',N'CZJ84804KS',NULL,NULL,N'cd4922a4-2bf8-4e70-94b8-18c268c34cef',NULL,NULL,NULL,NULL,NULL,N'R05',20,6,N'SL5.2',NULL,NULL
N'b8e47d51-6c06-4e20-ba8e-22291ed6e936',N'00000000-0000-0000-0000-000000000000',N'0635216',NULL,NULL,N'd9bce8e1-f070-4691-ac51-9b53bb8b0595',NULL,NULL,NULL,NULL,NULL,N'L10',12,1,N'SL5.2',NULL,NULL
N'ba7cbdf5-d8d7-417b-8ffd-680942831ddf',N'00000000-0000-0000-0000-000000000000',N'0',NULL,NULL,N'd74cd650-dcab-4f8b-b81d-f4d12d1a0844',NULL,NULL,NULL,NULL,NULL,N'L03',19,1,NULL,NULL,NULL
N'baaf16d3-2d97-448f-93a1-bf916fc523bf',N'00000000-0000-0000-0000-000000000000',N'KDXHWDN',NULL,N'112141-0',N'c5c9cff2-408a-4257-9353-54dcdcef1eae',NULL,NULL,NULL,NULL,NULL,N'R08',26,1,N'CentOS 5.2',NULL,NULL
N'bb622449-4ea9-43ef-bfa3-a08bc0813dc2',N'00000000-0000-0000-0000-000000000000',N'X0008657',NULL,N'ujf',N'ca080e9f-b752-4a37-b62d-bc24a5855ed9',NULL,NULL,NULL,NULL,NULL,N'L05',27,1,N'SL5',N'S615TGT18B08342',NULL
N'bc78a30d-806f-4590-9cb3-5eb8d82eb68f',N'00000000-0000-0000-0000-000000000000',N'0635213',NULL,NULL,N'd9bce8e1-f070-4691-ac51-9b53bb8b0595',NULL,NULL,NULL,NULL,NULL,N'L10',37,2,N'SL5.2',NULL,NULL
N'bc8eb458-4d2d-42f1-b8fc-42e7e971117d',N'00000000-0000-0000-0000-000000000000',N'X0008260',NULL,N'ujf',N'ca080e9f-b752-4a37-b62d-bc24a5855ed9',NULL,NULL,NULL,NULL,NULL,N'L05',24,2,N'SL5',N'S615TGT18A05845',NULL
N'bfb50a5b-7d62-4bd4-92ce-e07d40fbb22d',N'00000000-0000-0000-0000-000000000000',N'0635269',NULL,NULL,N'd9bce8e1-f070-4691-ac51-9b53bb8b0595',NULL,NULL,NULL,NULL,NULL,N'L10',18,2,N'SL5.2',NULL,NULL
N'c1641809-7b10-4371-9cc4-9995e45ac902',N'00000000-0000-0000-0000-000000000000',N'X0008261',NULL,N'ujf',N'ca080e9f-b752-4a37-b62d-bc24a5855ed9',NULL,NULL,NULL,NULL,NULL,N'L05',23,2,N'SL5',N'S615TGT18A05851',NULL
N'c3cc9c34-3313-422b-9f6e-3fb0ce35ddb2',N'00000000-0000-0000-0000-000000000000',N'0635233',NULL,NULL,N'd9bce8e1-f070-4691-ac51-9b53bb8b0595',NULL,NULL,NULL,NULL,NULL,N'L10',16,1,N'SL5.2',NULL,NULL
N'c4afdabf-43f4-42c5-934d-d9cd64aa2eb2',N'00000000-0000-0000-0000-000000000000',N'0004.23b2.fa20',NULL,N'11-1553-00',N'707c9824-d491-457c-8d04-54715af18809',NULL,NULL,NULL,NULL,NULL,N'R01',6,NULL,N'Debian',NULL,NULL
N'c72cb567-2dfd-4463-b099-da0f17b6a434',N'00000000-0000-0000-0000-000000000000',N'0635244',NULL,NULL,N'd9bce8e1-f070-4691-ac51-9b53bb8b0595',NULL,NULL,NULL,NULL,NULL,N'L10',27,2,N'SL5.2',NULL,NULL
N'c74074e9-2495-4329-9d72-2fdceec18c6c',N'00000000-0000-0000-0000-000000000000',N'X0008262',NULL,N'ujf',N'ca080e9f-b752-4a37-b62d-bc24a5855ed9',NULL,NULL,NULL,NULL,NULL,N'L05',22,1,N'SL5',N'S615TGT18A05861',NULL
N'c801e087-9b59-49d9-b02c-a46663dee0d0',N'00000000-0000-0000-0000-000000000000',N'0',NULL,NULL,N'3dc9023d-346b-4569-b6ae-d1ec28c7a093',NULL,NULL,NULL,NULL,NULL,N'L01',39,1,NULL,NULL,NULL
N'c8968309-98d3-49cb-9fd7-b34f92fcb9e9',N'00000000-0000-0000-0000-000000000000',N'0635288',NULL,NULL,N'd9bce8e1-f070-4691-ac51-9b53bb8b0595',NULL,NULL,NULL,NULL,NULL,N'L10',5,1,N'SL5.2',NULL,NULL
N'c99be328-d7bc-4a84-8e46-3aeca29a2e81',N'00000000-0000-0000-0000-000000000000',N'0',NULL,NULL,N'403459bb-76ae-4728-b046-ec75708789a5',NULL,NULL,NULL,NULL,NULL,N'L03',26,1,NULL,N'storage4',NULL
N'cb35b85a-48ad-467f-afea-f06df88ab5a9',N'00000000-0000-0000-0000-000000000000',N'0635204',NULL,NULL,N'd9bce8e1-f070-4691-ac51-9b53bb8b0595',NULL,NULL,NULL,NULL,NULL,N'L10',28,1,N'SL5.2',NULL,NULL
N'cc627850-040f-419b-83cb-06aebfa37f83',N'00000000-0000-0000-0000-000000000000',N'0',NULL,NULL,N'2166a9b7-66b8-4b41-b8a7-c1c903468566',NULL,NULL,NULL,NULL,NULL,N'L02',4,1,NULL,NULL,NULL
N'cd11c6c5-7469-4723-8946-bbe7fc8f1a63',N'00000000-0000-0000-0000-000000000000',N'0635279',NULL,NULL,N'd9bce8e1-f070-4691-ac51-9b53bb8b0595',NULL,NULL,NULL,NULL,NULL,N'L10',43,2,N'SL5.2',NULL,NULL
N'd41f365e-2d81-4ea1-9a6e-bc567ead4461',N'00000000-0000-0000-0000-000000000000',N'X0008273',NULL,N'ujf',N'ca080e9f-b752-4a37-b62d-bc24a5855ed9',NULL,NULL,NULL,NULL,NULL,N'L05',11,1,N'SL5',N'S615TGT18A09654',NULL
N'd4b0159d-b2fd-48cf-b348-1b74f3a994e2',N'00000000-0000-0000-0000-000000000000',N'0635267',NULL,NULL,N'd9bce8e1-f070-4691-ac51-9b53bb8b0595',NULL,NULL,NULL,NULL,NULL,N'L10',10,1,N'SL5.2',NULL,NULL
N'd4ed2360-6d56-41e9-9dd6-8769f36e635d',N'00000000-0000-0000-0000-000000000000',NULL,NULL,NULL,N'0638d1fc-9a34-4ff3-9dc1-c2911e120e0a',NULL,NULL,NULL,NULL,NULL,N'R05',29,1,NULL,NULL,NULL
N'dadb50ba-231b-4aa9-b67e-5732c5acf268',N'00000000-0000-0000-0000-000000000000',N'0635284',NULL,NULL,N'd9bce8e1-f070-4691-ac51-9b53bb8b0595',NULL,NULL,NULL,NULL,NULL,N'L10',36,2,N'SL5.2',NULL,NULL
N'dbe9452e-2c73-454a-9e34-21df8660d810',N'00000000-0000-0000-0000-000000000000',N'RS01 PP4',NULL,N'RS01 PP4',N'3dc9023d-346b-4569-b6ae-d1ec28c7a093',NULL,NULL,NULL,NULL,NULL,N'R01',15,NULL,NULL,N'RS01 PP4',NULL
N'dcfe9e3b-72e8-40b1-9af2-b94d64dfb05a',N'00000000-0000-0000-0000-000000000000',N'0635258',NULL,NULL,N'd9bce8e1-f070-4691-ac51-9b53bb8b0595',NULL,NULL,NULL,NULL,NULL,N'L10',15,1,N'SL5.2',NULL,NULL
N'dd7f1c30-4042-4d18-a293-7b8f5cccf2d1',N'00000000-0000-0000-0000-000000000000',N'0635196',NULL,NULL,N'd9bce8e1-f070-4691-ac51-9b53bb8b0595',NULL,NULL,NULL,NULL,NULL,N'L10',38,2,N'SL5.2',NULL,NULL
N'ded14df7-1a54-43ef-b33e-78cb8489ea3c',N'00000000-0000-0000-0000-000000000000',N'RS01 PP2',NULL,N'RS01 PP2',N'3dc9023d-346b-4569-b6ae-d1ec28c7a093',NULL,NULL,NULL,NULL,NULL,N'R01',13,NULL,NULL,N'RS01 PP2',NULL
N'e466cd97-9a9b-4002-bad0-80ece05c9d69',N'00000000-0000-0000-0000-000000000000',N'0635195',NULL,NULL,N'd9bce8e1-f070-4691-ac51-9b53bb8b0595',NULL,NULL,NULL,NULL,NULL,N'L10',31,2,N'SL5.2',NULL,NULL
N'e7800dd2-02fb-4de3-9b0b-0d2fda8d3d0e',N'00000000-0000-0000-0000-000000000000',N'0635254',NULL,NULL,N'd9bce8e1-f070-4691-ac51-9b53bb8b0595',NULL,NULL,NULL,NULL,NULL,N'L10',19,1,N'SL5.2',NULL,NULL
N'e8996488-2455-437f-bbab-8dd9a69dc200',N'00000000-0000-0000-0000-000000000000',N'RS01 PP8',NULL,N'RS01 PP8',N'3dc9023d-346b-4569-b6ae-d1ec28c7a093',NULL,NULL,NULL,NULL,NULL,N'R01',19,NULL,NULL,N'RS01 PP8',NULL
N'eab25030-e81a-45d8-aa0a-f886e38596d9',N'00000000-0000-0000-0000-000000000000',N'KDXHWDM',NULL,N'112142-0',N'c5c9cff2-408a-4257-9353-54dcdcef1eae',NULL,NULL,NULL,NULL,NULL,N'R08',22,1,N'SL4.7',NULL,NULL
N'ed40b255-798c-4517-84bc-18f44f1f105d',N'00000000-0000-0000-0000-000000000000',N'10-9751-82',NULL,N'10-9751-82',N'05f8eddc-f4c1-48da-9565-9e8420928c98',NULL,NULL,NULL,NULL,NULL,N'R01',9,NULL,NULL,NULL,NULL
N'edb80b75-5c38-4e49-8f66-3a2c9a9b8788',N'00000000-0000-0000-0000-000000000000',N'CZJ849A151',NULL,NULL,N'52534e5f-bb65-4a34-ae5a-efb9bc43a76e',NULL,NULL,NULL,NULL,NULL,N'R07',36,1,N'SL5.2',NULL,NULL
N'ede5a1f4-6e16-4da8-97b3-1ddcc589debd',N'00000000-0000-0000-0000-000000000000',N'0635188',NULL,NULL,N'd9bce8e1-f070-4691-ac51-9b53bb8b0595',NULL,NULL,NULL,NULL,NULL,N'L10',15,2,N'SL5.2',NULL,NULL
N'edf25c0f-d3d0-4e61-96f8-fb997117c65d',N'00000000-0000-0000-0000-000000000000',N'0635172',NULL,NULL,N'd9bce8e1-f070-4691-ac51-9b53bb8b0595',NULL,NULL,NULL,NULL,NULL,N'L10',9,1,N'SL5.2',NULL,NULL
N'eeaf3382-e43a-4625-9e48-7ae96ec1830e',N'00000000-0000-0000-0000-000000000000',N'X0008659',NULL,N'ujf',N'ca080e9f-b752-4a37-b62d-bc24a5855ed9',NULL,NULL,NULL,NULL,NULL,N'L05',25,1,N'SL5',N'S615TGT18B08331',NULL
N'ef59d91b-09fd-47ae-85b9-7a05ab5b9188',N'00000000-0000-0000-0000-000000000000',N'CZJ849A1H0',NULL,NULL,N'52534e5f-bb65-4a34-ae5a-efb9bc43a76e',NULL,NULL,NULL,NULL,NULL,N'R07',37,1,N'SL5.2',NULL,NULL
N'f043dba1-3d7e-4513-82f8-1df6c0a3de63',N'00000000-0000-0000-0000-000000000000',N'0635292',NULL,NULL,N'd9bce8e1-f070-4691-ac51-9b53bb8b0595',NULL,NULL,NULL,NULL,NULL,N'L10',20,2,N'SL5.2',NULL,NULL
N'f0cf026f-6a78-4f54-b20d-8d473b73f989',N'00000000-0000-0000-0000-000000000000',N'0635222',NULL,NULL,N'd9bce8e1-f070-4691-ac51-9b53bb8b0595',NULL,NULL,NULL,NULL,NULL,N'L10',42,1,N'SL5.2',NULL,NULL
N'f149d34d-3199-4ae4-aa2e-ae41833aabc2',N'00000000-0000-0000-0000-000000000000',N'FX000046565',NULL,NULL,N'86280618-bae5-4424-99ad-2749979acf30',NULL,NULL,NULL,NULL,NULL,N'L01',36,1,NULL,NULL,NULL
N'f2222208-caf3-4d77-9a1d-deb0c62c2fea',N'00000000-0000-0000-0000-000000000000',N'0',NULL,NULL,N'56d689e8-d742-4441-95cf-352357ae8514',NULL,NULL,NULL,NULL,NULL,N'L02',40,1,NULL,NULL,NULL
N'f2d3970d-d3bd-475b-9501-4ad31503fc33',N'00000000-0000-0000-0000-000000000000',N'YK3Q001088',NULL,N'111721-0',N'4e7d8c44-41be-48d3-81cf-f97684680dc0',NULL,NULL,NULL,NULL,NULL,N'L07',9,1,NULL,N'diskove pole - materialovy vyzkum',NULL
N'f35452f0-3c4c-4643-9779-a2004d91f181',N'00000000-0000-0000-0000-000000000000',N'CZJ84804K3',NULL,N'ujf',N'cd4922a4-2bf8-4e70-94b8-18c268c34cef',NULL,NULL,NULL,NULL,NULL,N'R05',24,5,N'SL5.2',NULL,NULL
N'f49a80ac-0317-4fb5-9b8f-ca3f3a389dc4',N'00000000-0000-0000-0000-000000000000',N'0635229',NULL,NULL,N'd9bce8e1-f070-4691-ac51-9b53bb8b0595',NULL,NULL,NULL,NULL,NULL,N'L10',40,1,N'SL5.2',NULL,NULL
N'f4d36415-e50d-466c-98c2-f1185c84dc53',N'00000000-0000-0000-0000-000000000000',N'KDXHWAL',NULL,N'112143-0',N'c5c9cff2-408a-4257-9353-54dcdcef1eae',NULL,NULL,NULL,NULL,NULL,N'R08',24,1,N'SL4.7',NULL,NULL
N'f4f0dd92-169a-4026-953f-8f77324d1a55',N'00000000-0000-0000-0000-000000000000',N'RS01 PP1',NULL,N'RS01 PP1',N'3dc9023d-346b-4569-b6ae-d1ec28c7a093',NULL,NULL,NULL,NULL,NULL,N'R01',12,NULL,NULL,N'RS01 PP1',NULL
N'f6a7abcd-b9ce-4f98-9b3e-7f82f402bb79',N'00000000-0000-0000-0000-000000000000',N'X0008268',NULL,N'ujf',N'ca080e9f-b752-4a37-b62d-bc24a5855ed9',NULL,NULL,NULL,NULL,NULL,N'L05',16,2,N'SL5',N'S615TGT18A05854',NULL
N'f851e3fb-2e27-4059-a141-cd69f8dc1f0f',N'00000000-0000-0000-0000-000000000000',N'0',NULL,NULL,N'403459bb-76ae-4728-b046-ec75708789a5',NULL,NULL,NULL,NULL,NULL,N'L03',38,1,NULL,N'sam2',NULL
N'f902aaa4-756f-4025-b457-e3cfedb6f5c4',N'00000000-0000-0000-0000-000000000000',N'0635174',NULL,NULL,N'd9bce8e1-f070-4691-ac51-9b53bb8b0595',NULL,NULL,NULL,NULL,NULL,N'L10',8,2,N'SL5.2',NULL,NULL
N'fa1496ae-6328-4e80-b451-cbb38ab2916e',N'00000000-0000-0000-0000-000000000000',N'0',NULL,NULL,N'6e379205-32eb-448a-b2a4-05eb028ecd96',NULL,NULL,NULL,NULL,NULL,N'L01',43,1,NULL,NULL,NULL
N'fb7a8c19-24a9-436b-ac70-bc28361f834e',N'00000000-0000-0000-0000-000000000000',N'0635184',NULL,NULL,N'd9bce8e1-f070-4691-ac51-9b53bb8b0595',NULL,NULL,NULL,NULL,NULL,N'L10',9,2,N'SL5.2',NULL,NULL
N'fce2bc00-cc13-478c-a7f5-a78f6991e1a7',N'00000000-0000-0000-0000-000000000000',N'0635242',NULL,NULL,N'd9bce8e1-f070-4691-ac51-9b53bb8b0595',NULL,NULL,NULL,NULL,NULL,N'L10',29,1,N'SL5.2',NULL,NULL
N'fe96fad8-f001-4e88-bfdb-ce7c9144bbb0',N'00000000-0000-0000-0000-000000000000',N'0635234',NULL,NULL,N'd9bce8e1-f070-4691-ac51-9b53bb8b0595',NULL,NULL,NULL,NULL,NULL,N'L10',27,1,N'SL5.2',NULL,NULL
